<?xml version="1.0" encoding="UTF-8"?>
<?xml-stylesheet type="text/xsl" href="soldaditomarinero.xsl"?>
<cancion xmlns:xsi="http://www.w3.org/2001/XMLSchema-instance" xsi:noNamespaceSchemaLocation="file:///C:/xampp/htdocs/Soldaditomarinero/soldaditomarinero.xsd">
    
    <titulo>Título. Soldadito Marinero</titulo>
    <autor>Autor. Fito y Fitipaldis</autor>
    
    <letra>
        <estrofa tipo="normal">
            <verso>Él camina despacito que las prisas no son buenas</verso>
            <verso>En su brazo dobladita, con cuidado la chaqueta</verso>
            <verso>Luego pasa por la calle dónde los chavales juegan</verso>
            <verso>Él también quiso ser niño pero le pilló la guerra</verso>
        </estrofa>
        <estrofa tipo="estribillo">
            <verso>Soldadito marinero conociste a una sirena</verso>
            <verso>De esas que dicen te quiero si ven la cartera llena</verso>
            <verso>Escogiste a la más guapa y a la menos buena</verso>
            <verso>Sin saber como ha venido te ha cogido la tormenta</verso>
        </estrofa>
        <estrofa tipo="normal">
            <verso>Él quería cruzar los mares y olvidar a su sirena</verso>
            <verso>La verdad, no fue difícil cuando conoció a Mariela</verso>
            <verso>Que tenía los ojos verdes y un negocio entre las piernas</verso>
            <verso>Hay que ver que puntería, no te arrimas a una buena</verso>
        </estrofa>
        <estrofa tipo="estribillo">
            <verso>Soldadito marinero conociste a una sirena</verso>
            <verso>De esas que dicen te quiero si ven la cartera llena</verso>
            <verso>Escogiste a la más guapa y a la menos buena</verso>
            <verso>Sin saber como ha venido te ha cogido la tormenta</verso>
        </estrofa>
        <estrofa tipo="normal">
            <verso>Después de un invierno malo, una mala primavera</verso>
            <verso>Dime por que estas buscando una lágrima en la arena</verso>
            <verso>Después de un invierno malo, una mala primavera</verso>
            <verso>Dime por que estas buscando una lágrima en la arena</verso>
            <verso>Después de un invierno malo, una mala primavera</verso>
            <verso>Dime por que estas buscando una lágrima en la arena</verso>
            <verso>Después de un invierno malo</verso>
        </estrofa>
        
    </letra>
    
</cancion>